Product Number;Product Desc
62;VERIFY ALL-IN-ONE PCT TEST DES PAD S/IND                                                            
100;Porous & Hollow Steam Penetration Test + 400 Indicators
101;TESTE BOWIE E DICK (400 TIRAS)
123;BROWNE SPIRAL LOAD CHECK (NO COUNTER AND NO INDICATORS)
127;Masking Tape, 50mm width, 50m length (box of 24)
140;DRY HEAT INDICATOR TAPE -BX 48 ROLLS 19MMX50M
141;AUTOCLAVE TAPE 18MM X 50M - 48 ROLLS
142;TAPE WITH STEAM INDICATOR 18MMX50M 48 ROLLs
143;TAPE WITH STEAM INDICATOR 25MMX50M 36 ROLLS
147;HI TAC BLUE AUTOCLAVE TAPE - BX 48 ROLLS / 18MM X 50 M
148;BLUE AUTOCLAVE TAPE 24 X 50MM (CNT/36 ROLLS)
151;EO GAS CHEX TAPE 18MM X 50M
160;PLAIN MASKING TAPE - BX 48 ROLLS / 18MM X 50M
161;PLAIN MASKING TAPE - BX 36 ROLLS / 24MM X 50 M
162;FITA PARA AUTOCLAVE 18MMX50M - CX 48 UNI
163;TAPE WITH STEAM INDICATOR 24MMX50M 36 ROLLS
167;FITA PARA AUTOCLAVE AZUL 18MMX50M - CAIXA COM 48 ROLOS
168;BLUE AUTOCLAVE TAPE 24 X 50MM (CNT/36 ROLLS)
1016;LONG TERM STORAGE BOX FOR BD INDICATORS
1017;BINDER RECORD SYSTEM FOR TST INTEGRATOR
1820;(000073) ESCOVA P/LIMPEZA DE F
2016;STF LOAD CHECKN HOLDER
2169;SOIL TEST
2170;PROTEIN KIT TEST
2230;LTS&F BIOLOGICAL(BOX 100)
2231;RECOVERY MEDIUM FOR LTS&F (BOX12)
2232;INDICADOR BIOLOGICO VAPOR CAIXA COM 100 UN
2233;BIO MONITOR AMPULS FOR EO PROCESSES 100AMP/VE
2236;BIOLOGICAL INDICATORS, STEAM 10X6 (BOX OF 100))
2240;THERMOMETER (SINGLE) FOR USE WITH BROWNE INCUBATOR
2241;TRIPLE TEMPERATURE INCUBATOR 37/57/60°C
2243;INCUBATOR AND THERMOMETER - UK POWER SUPPLY
2244;DUAL TEMPERATURE INCUBATOR 37DEG/57 DEGC
2245;BIOLOGICAL INCUBATOR US POWER SUPPLY
2302;INTEGRADOR QUIMICO TST 134ºC/5,3MIN C/200 UN.
2304;INDICADOR SOIL TESTE CX 10 POTES
2310;TST SGL USE BOWIE DICK TEST PACK 121C/8 MN -20 PACKS
2311;BOWIE DICK PACK SHEETS  - 134/4.25m
2312;STF LOAD CHECK INDICATOR 1VE=25 TEST
2315;INDICADOR LOAD CHECK STF CX COM 100 UNIDADES
2316;SUPORTE STF LOADCHECK CX. C/ 01 UN.
2317;INTEGRADOR QUIMICO TST FLASH C/200 UN
2331;INTEGRATOR TST 121/21 MN (BOX OF 100)
2340;INTEGRADOR QUIMICO TST 134C/ 3,5 MIN C/100 UN
2341;INTEGRADOR QUIMICO 134°C/4MIN 121C/12 MN C/100 UN
2342;TST CONTROL INDICATORS -121C/15 MN (BX 100 INDIC.)
2347;TST INTEGRATOR 121/15 MN (BOX OF 100)
2351;TST LEDD SINGLE-TEST PACK 5 MN 134C / 138C (20/BX)
2352;TESTE BOWIE & DICK CX COM 20 PACOTES
2354;PERMANENT BLACK MARKER PRINTER LOGO
2356;TST SGL USE B DICK TEST PACK BOX OF 10
2358;TST SGL USE B. DICK TEST PACK - ESCHMANN (BX OF 10)
2364;TST Bowie Dick Test Pack UK Red (box of 20)
2365;TST SGL USE B. DICK TEST PACK - PRESTIGE - BX OF 10
2368;EURONDA BOWIE DICK TEST PACK 10 PER BOX
2369;NINHYDRIN PROTEIN DET. KIT (BULK PACK) BX OF 25 TESTS
2370;NINHYDRIN PROTEIN DET.  KIT (BX OF 4 TESTS)
2375;A CLASS 6 TST CONTROL INDICATOR 134°C/4MINS - 121°C/12MINS
2379;DISPOCLEAN YELLOW 3.2-4.2 MM - BAG OF 25
2385;SENSOR CHEMICAL INDICATOR SHEET - 50 SHEETS
2401;INDICADOR QUIMICO DE FORMALDEIDO C/100 UN
2402;DETECTOR-SPOTS FORMALDEHYD
2410;FORMALDEHYDE FUMIGATION INDIC. (BX OF 100 IND.)
2420;INTEGR QUIM. OXIDO DE ETILENO C/100 UN
2421;ETHIL.OXIDE PROCESS DETECTOR SPOTS-1000 SPOTS
2445;INDICADOR P/FORMALDEIDO LOADCHEK C/200 UN.
2448;CONTROL-SPOT EO (105 SPORT/SHEET)
2460;INDICATOR LOW TEMP. STEAM 73 DEG-12 MN (100 INDIC)
2470;INTEGRADOR QUIMICO DES-CHECK - 10 MINUTOS - C/100 UN
2471;INTEGRADOR QUÍMICO DES-CHECK 90ºC - 5 MINUTOS-C/100 UN
2500;VAPOUR STRIP (BX OF 200 INDIC.)
2501;INDICADOR QUIMICO VAPOUR STRIP-CX.C/200 UN
2551;INDICADOR QUIMICO MVI ULTRA C/240 UN.
2553;BOWIE DICK TEST SHEET PACK 50
2557;MVI Ultra White to Black Polish B/X 250
2560;INDICATOR STEAM MULTIVARIABLE (BOX OF 250 INDIC)
2561;BOWIE-DICK-TEST SHEET MVI STEAM
2563;ETHYLENE OXIDE INDICATOR STRIPS BOX/250
2564;MVI, STRIPS AND HELIX / 400/BX
2566;STEAM PROCESS INDICATOR 3 PART COMP. LABEL SYST (1000)
2571;1 PART TRACKER LABEL
2577;GEORGE ELIOT HOSP STEAM LABEL (750/ROLL)
2578;SYNERGY TRACKER SYSTEM ROLL 70X130 MM
2579;NORGEN LABELS (2000 PER REEL)
2582;1 X 6 ROLLS OF 1000 LABELS
2583;SYNERGY TRACKER SYSTEM ROLL (70 x 115mm) - 1000 Labels
3100;INDICADOR QUIMICO BROWNE TIPO 5-CAIXA C/ 04 PCTS DE 250 UN
3103;TST 134/3.5 MIN SELF-ADHESIVE (200/BOX)
3104;INDICADOR QUÍMICO (134 GRAUS/4 MINUTOS C/200 UN)
3105;TST 134/5.3 MIN SELF-ADHESIVE (200/BOX)
3107;TST 134/7 MIN SELF-ADHESIVE (200/BOX)
3200;ABDOMINAL SUCTION SETS (NQ)
3201;ABC YANKAUER SUCTION SETS V/C
3301;GAMMA CHECK IRRADIATION SPOTS - 1000 SPOTS
3304;GAMMA CHECK (BOX OF 5000 ROLLS)
3369;KIT DE TESTE DE DETECÇÃO DE PROTEÍNAS RESIDUAIS RESI-TEST
3372;ESCOVA DE AMOSTR.ENDOSCOP.SWAB RESI-TEST - 1.0-1.2MM - 150CM
3373;ESCOVA DE AMOSTR.ENDOSCOP. SWAB RESI-TEST 1,5-2,6MM - 220 CM
3374;ESCOVA DE AMOSTR.ENDOSCOP. SWAB RESI-TEST 1.5-2.6MM - 220CM
3625;TAPE DISPENSER
3702;INTEGRADOR QUIMICO TST 134°Cº 9MIN C/200 UN.
3706;INTEGRADOR QUIMICO TST 134ºC/18MIN C/200 UN.
3707;MEDITRAX TST INDICATORS (BOX OF 200)
3720;DECONTAMINATION RECORD CARD
3725;INTEGRADOR QUIMICO TST 134°C 7 MIN C/200-ADESIVO
3726;INTEGRADOR QUIMICO TST 134°C5.3MIN 121°C/15MIN C/100-ADESIVO
3727;TST CONT. INDICATOR -134C/3.5 MN (100 SELF ADH)
3737;TST SPOT/RECORD x300 FOR UNICEF
3739;TST CONTROL SPOTS 134 C/3.5 (BAG OF 300 SPOTS)
3754;JAK PURFECT A2310 INDICATOR (BOX 50)
3760;INTEGRADOR QUIMICO TST 134°C/7MIN 121/20MIN C/200 UN
3770;CONTROL SPOTS, STEAM, 5.3 MN 134C / 15MN 121C
3777;INDICADOR QUÍMICO(4 MIN 134 GRAUS,12 MIN 121 GRAUS) C/400UNI
3778;TST LOADCHEK 134°C/5,3 MIN 121°C/15MIN C/400 UN
3779;TST LOADCHECK 121/20
3780;TST KONTR.STRIP STEAM FOR TYPE B STERI VE=250+1HELIX
3781;BROWNE EN867 STARTER HELIX 30
3783;TST LOADCHEK 134°C/3,5 MIN C/400 UN
3788;DOCUMENTATION SYSTEM ENVELOPE
3790;ETIQUETADORA DE 3 LINHAS DE IMPRESSÃO
3795;INK ROLLER FOR 3 LINE LABEL GUN PACK OF 2
5006;TST CNTR. LABEL 134/3.5 DUPLEX 2PART (1500 LABELS)
5007;STEAM PROCESS INDIC. LABEL-76X38MM (1000 LBLS/REEL)
5008;STEAM PROCESS INDIC. LABEL -75X123MM (400 LBLS/REEL)
5009;LABEL TEXT BASILDON 89X36 MM
5013;STEAM PRO. INDIC. LABEL-26X28MM 24 REELS/500 LBS
5014;STEAM PROCESS INDIC. LABEL-76X50MM (1500 LBL/REEL)
5017;TST CONTROL DUPLEX INDIC. LABEL - 200 LBLS/BX
5018;TST CONTROL LABELS – CUSTOMIZED – ROLLS OF 400 LABELS
5021;STEAM LABEL 63MM X 51MM - ROLL 1000 LABELS
5031;LABELS WITH STEAM INDICATOR, 58X35MM
5032;LABELS WITH STEAM INDICATOR, 58.4X36MM, 4000/REEL
5033;CONTROL CARDS TST STEAM, 210X35MM
5034;LABLES ON A REEL, WIDTH 7 CM, 80 M ON A REEL
5035;LABELS WITH STEAM INDICATORS, 90X35MM (2000/REEL)
5038;ENDLESS LABEL RED 7CM / 80 METRE ROLL
5039;ENDLESS LABEL BLUE 7CM / 80 METRE ROLL
5040;ENDLESS LABEL GREEN 7CM / 80 METRE ROLL
5043;LABELS STEAM INDICATOR, EXTRA 90x36MM DOUBLE STICKING SINGLE PERFORATED WITH PERFORATED BORDERS
6536;GETINGE/BROWNE BENCH TOP BD PACK (BX OF 20 PACKS)
7301;STERIL CNTR TUBE TYPE 1-BLACK SPOT (100 TBS/BX)
7302;STERIL CNTR TUBE TYPE 2-YELLOW SPOT 100 TBS/BX
7303;STERIL CNTRL TUBE TYPE 3 - GREEN SPOT (100 TBS/BX)
7304;STERIL CNTR TUPE TYPE 4 - BLUE SPOT (100 TBS/BX)
7305;STERIL. CNTR TUBES TYPE 5-WHITE SPOT-(100 TBS/BOX)
7310;SPECIAL CONTROL TUBES (PACK OF 100)
9053;COTTON SHEETS FOR STD B. DICK TOWEL PACK - 36 SHEETS
9056;TRAY IDENTIFICATION TAGS (BX OF 1000 TAGS)
21650;(006650) ESCOVA LIMPEZA NYLON 
21651;(008467) ESCOVA DE ACO P/LIMPE
22154;(006801) ESCOVA ENDOSC AZUL 1,
34088;(000328) KIT LIMPEZA P/AUTOCLA
103105;LUBRIFICANTE HINGE-FREE (5 GAL-BUCKET)
103108;LUBRIFICANTE HINGE-FREE 1GAL - CAIXA COM 4
103708;DETERGENTE ALCALINO LIQUI-JET 2  1GAL - CAIXA COM 4
237850;DISPOCLEANGREEN 2.8 - 3.2MM 50/BOX
237950;DISPOCLEAN YELLOW 3.2- 4.2MM 50/BOX
378524;DOCUM. SYSTEM LABEL ITALIAN (24ROLLS/500 LBLS)
378924;DOCUM. SYSTEM LABEL ENGLISH (24ROLLS/500 LBLS)
379424;ETIQUETA COM IND.QUIMICO VAPOR CX. 24 X 500
5006800;TST CNTR. LABEL 134/3.5 DUPLEX 2PART (800 LABELS)
5008400;STEAM PROCESS INDIC. LABEL -75X123MM (400 LBLS/REEL)
10008939;ARRUELA DE VEDAÇÃO DE SILICONE 63/64 POLEGADAOD X 5/8 POLEGADAID P/ 2532
10008942;VÁLVULA DE ÁGUA 24VDC
10008978;TELA DISPLAY TOUCH PARA LAVADORA 2532
10009427;ARRUELA DE TRAVA DO BRAÇO GIRATÓRIO
10019127;BICO PROPULSOR SPRAY PARA LAVADORA VISION SC
10020617;SUPORTE ROTATIVO DE BRAÇO DE PULVERIZAÇÃO PARA AMSCO
10023615;RESISTENCIA 208V 4KW - 2532
10023748;RESISTÊNCIA 415V VAC 2500W PARA LAVADORA SYNERGY
10031366;MANGUEIRA DE ABERTURA Nº2 - FLEX 28 LAVADORA AMSCO 3052
10065359;PRINTER INTERFACE BOARD
10072607;KIT,TUBE LUBE REPLACEMENT (VISION SC)
10092606;ROLO DE PAPEL TÉRMICO (PACOTE COM 3) PARA VPRO MAX 2
10093917;STERIS GRAVITY PCD TST INDICATOR
11013159;RELE DE SOBRECARGA - SYNERGY
11016163;DAMPER DE VENTILAÇÃO - 5052
413724635;FONTE DE ALIMENTAÇÃO CARREGADOR 230/240V
 ;COMISSAO DE VENDA                                                                                   
0127AB;Masking Tape, 50mm width, 50m length (box of 24)
0140AB;DRY HEAT INDICATOR TAPE -BX 48 ROLLS 19MMX50M
0141AB;AUTOCLAVE TAPE 18MM X 50M - 48 ROLLS
0142AB;TAPE WITH STEAM INDICATOR 18MMX50M 48 ROLLs
0143AB;TAPE WITH STEAM INDICATOR 25MMX50M 36 ROLLS
0147AB;HI TAC BLUE AUTOCLAVE TAPE - BX 48 ROLLS / 18MM X 50 M
0148AB;BLUE AUTOCLAVE TAPE 24 X 50MM (CNT/36 ROLLS)
01509-KS;FITA ADESIVA C/INDIC P/PEROX HIDROGENIO                                                             
0151AB;EO GAS CHEX TAPE 18MM X 50M
0160AB;PLAIN MASKING TAPE - BX 48 ROLLS / 18MM X 50M
0161AB;PLAIN MASKING TAPE - BX 36 ROLLS / 24MM X 50 M
0162AB;FITA PARA AUTOCLAVE 18MMX50M - CX 48 UNI
0163AB;TAPE WITH STEAM INDICATOR 24MMX50M 36 ROLLS
0167AB;FITA PARA AUTOCLAVE AZUL 18MMX50M - CAIXA COM 48 ROLOS
0168AB;BLUE AUTOCLAVE TAPE 24 X 50MM (CNT/36 ROLLS)
10093917AB;STERIS GRAVITY PCD TST INDICATOR
100AB;Porous & Hollow Steam Penetration Test + 400 Indicators
100CE;Porous & Hollow Steam Penetration Test + 400 Indicators
100CEAB;Porous & Hollow Steam Penetration Test + 400 Indicators
101-10AR04;AB101 POROUS & HOLLOW STEAM BOX
101-10BR04;AB101 POROUS&HOLLOW STEAM INDICATOR BOX
101-10BR05;AB101 POROUS&HOLLOW STEAM INDICATOR BOX
101-20R03;AB101 IFU
101-20R04;AB101 IFU
101-40R01;AB101 ROTARY SCREEN
101-41R01;PRINTING PLATE BLUE TEXT
101-42R01;AB101 PERFORATING FLEXI DIE
1016AB;LONG TERM STORAGE BOX FOR BD INDICATORS
1017AB;BINDER RECORD SYSTEM FOR TST INTEGRATOR
101-BALLR01;POROUS + HOLLOW STEAM PENETRATION DEVICE
101-PBR01;AB101 POROUS & HOLLOW STEAM BOX
1031T6WR;LUBRIFICANTE HINGE-FREE WR - (1 X 10 L)
1031T6WR;LUBRIFICANTE HINGE-FREE WR - (1 X 10 L)
123-10R03;AB123-10 SPIRAL LOAD CHECK BOX
123-20R05;AB123 IFU
123-20R06;AB123 IFU
123-TUBE-CAPR01;AB123-TUBE-PLASTIC THREADED CAP
1505J5;UMECTANTE PRE-KLENZ (24 X 400 ML)
1B033B3;ESCOVA DE LIMPEZA P/SUPERFICIE BURR - AÇO INOX 6.5 IN - 3 UN
1B039B3;ESCOVA DE LIMPEZA PARA LUMEN 18 IN 1 MM  (45.72CM) - 3 UN
1B062B3;ESCOVA DE LIMPEZA PARA LUMEN 18 IN 1.58 MM (45.72CM) - 3 UN
1B070B3;ESCOVA DE LIMPEZA PARA LUMEN 18 IN 1.78 MM (45.72CM) - 3 UN
1B087B3;ESCOVA DE LIMPEZA PARA LUMEN 18 IN 2.2 MM (45.72CM) - 3 UN
1B100B3;ESCOVA PARA LIMPEZA DE SUPERFICIELATAO 7 IN (17.78CM) - 3 UN
1B105B3;ESCOVA DE LIMPEZA PARA LUMEN 18 IN 2.67 MM (45.72CM) - 3 UN
1B10B3;ESCOVA DE LIMPEZA PARA LUMEN 9 IN 2 MM   (22.86CM) - 3 UN
1B118B3;ESCOVA DE LIMPEZA PARA LUMEN 8 IN 3 MM (20.32CM) - 3 UN
1B125B3;ESCOVA DE LIMPEZA PARA LUMEN 18 IN 3.18 MM (45.72CM) - 3 UN
1B13B3;ESCOVA DE LIMPEZA PARA LUMEN 9 IN 3 MM (22.86CM) - 3 UN
1B16B3;ESCOVA DE LIMPEZA PARA LUMEN 9 IN 4 MM (22.86CM) - 3 UN
1B17B3;ESCOVA DE LIMPEZA PARA LUMEN 7 IN 1 MM  (17.78CM) - 3 UN
1B18B3;ESCOVA DE LIMPEZA PARA LUMEN 8 IN 1.6 MM   (20.32CM) - 3 UN
1B197B3;ESCOVA DE LIMPEZA PARA LUMEN 18 IN 5 MM   (45.72CM) - 3 UN
1B19B3;ESCOVA DE LIMPEZA PARA LUMEN 12 IN 2 MM   (30.48CM) - 3 UN
1B20B3;ESCOVA DE LIMPEZA P/ LUMEN 12 IN 3 MM (30.48CM) - 3 UN
1B21B3;ESCOVA DE LIMPEZA PARA LUMEN 12 IN 4 MM  (30.48CM) - 3 UN
1B22B3;ESCOVA DE LIMPEZA PARA LUMEN 12 IN 5 MM  (30.48CM) - 3 UN
1B23B3;ESCOVA DE LIMPEZA PARA LUMEN 12 IN 6 MM (30.48CM) - 3 UN
1B24B3;ESCOVA DE LIMPEZA PARA LUMEN 16 IN 5 MM  (40.64CM) - 3 UN
1B26B3;ESCOVA DE LIMPEZA PARA LUMEN 16 IN 10 MM (40.64CM) - 3 UN
1B27B3;ESCOVA DE LIMPEZA PARA LUMEN 16 IN 12 MM (40.64CM) - 3 UN
1B28B3;ESCOVA DE LIMPEZA PARA LUMEN 24 IN 2.5 MM   (60.96CM) - 3 UN
1B29B3;ESCOVA DE LIMPEZA PARA LUMEN 24 IN 5 MM   (60.96CM) - 3 UN
1B300B3;ESCOVA PARA LIMPEZA GERAL NYLON 7 IN  (17.78CM) - 3 UN
1B30B3;ESCOVA DE LIMPEZA P/ LUMEN 24 IN 7 MM (60.96CM) - 3 UN
1B312B3;ESCOVA DE LIMPEZA PARA LUMEN 24 IN 8 MM (60.96CM)
1B31B3;ESCOVA DE LIMPEZA PARA LUMEN 24 IN 10 MM   (60.96CM) - 3 UN
1B32B3;ESCOVA DE LIMPEZA P/LAPAROSCOPIA DUPLA 5 IN (12.7 CM) - 3 UN
1B33B3;ESCOVA DE LIMPEZA P/LAPAROSCOPIA EXTR. DUPLA 7 IN - 3 UN
1B38B3;ESCOVA P/LIMPEZA DE SUPERFICIE AÇO INOX 18.28 CM - 3 UN
1B40B3;ESCOVA PARA LIMPEZA GERAL NYLON 7.25 IN  (18.41CM) - 3 UN
1B43B3;ESCOVA P/LIMPEZA DE SUPERFICIE NYLON 7.2 IN (18.28CM) - 3 UN
1B440B3;ESCOVA DE LIMPEZA PARA LUMEN 24 IN 11.18 MM (60.96CM) - 3 UN
1B443B3;ESCOVA DE LIMPEZA P/ LUMEN 24 IN 11.25 MM (60.96CM) - 3 UN
1B50B3;ESCOVA DE LIMPEZA P/LUMEN C/PONTA SUAVE 18 IN 12.7 MM - 3 UN
1B591B3;ESCOVA DE LIMPEZA P/ LUMEN 18 IN 15 MM (45.72CM) - 3 UN
1B623B3;ESCOVA DE LIMPEZA PARA LUMEN 16 IN 6 MM  (40.64CM) - 3 UN
1B787B3;ESCOVA DE LIMPEZA P/ LUMEN 16 IN 20 MM (40.64CM) - 3 UN
1B808B3;ESCOVA DE LIMPEZA PARA LUMEN 18 IN 22.35 MM (45.72CM) - 3 UN
1B880B3;ESCOVA DE LIMPEZA PARA LUMEN 24 IN 22.35 MM (60.96CM) - 3 UN
1BA25B3;ESCOVA DE LIMPEZA LUMEN C/PONTA ACRILICO 18 IN 6.35MM - 3 UN
1BB25B3;ESCOVA DE LIMPEZA P/ LUMEN 18 IN 6.35 MM (45.72CM) - 3 UN
1C03T4WR;DETERGENTE ENZIMÁTICO ULTRA CONCENTRADO  PROLYSTICA ( 2 X 5L
1C03T6WR;DETERGENTE ENZIMÁTICO ULTRA CONCENTRADO PROLYSTICA
1C05T4WR;LUBRIFICANTE ULTRA CONCENTRADO PROLYSTICA ( 2 X 5L )
1C05T6WR;LUBRIFICANTE ULTRA CONCENTRADO PROLYSTICA
1C07T4WR;DETERGENTE PROLYSTICA UC NEUTRO (2 X 5L)
1C07T6WR;DETERGENTE NEUTRO ULTRA CONCENTRADO PROLYSTICA
1C12T4WR;DETERGENTE ALCALINO ( 2 X 5L )
1C12T6WR;DETERGENTE ALCALINO PROLYSTICA ULTRA CONCENTRADO-CX 1GAL/10L
1C3208;DETERGENTE NEUTRO CONCENTRADO PROLYSTIC (4X1 GAL)
1C3208-P;DETERGENTE NEUTRO CONCENTRADO PROLYSTIC (4X1 GAL)
1C32T4PE;DETERGENTE NEUTRO PROLYSTICA 2X CONCENTRADO (2X5L)
1C32T6PE;DETERGENTE PROLYSTICA 2X CONCENTRADO NEUTRO 10L
1C3308;DETERGENTE PROLYSTICA 2X CONCENTRADO ENZIMÁTICO (4 X 1GAL)
1C3308-P;DETERGENTE PROLYSTICA 2X CONCENTRADO ENZIMÁTICO (4 X 1GAL)
1C33T4PE;DETERGENTE PROLYSTICA 2X CONCENTRADO ENZIMÁTICO 2 X 5L
1C33T6PE;DETERGENTE PROLYSTICA 2X CONCENTRADO ENZIMÁTICO 10L
1C3408;DETERGENTE PROLYSTICA 2X CONCENTRADO ALCALINO (4X1GAL)
1C34T4PE;DETERGENTE PROLYSTICA 2X CONCENTRADO ALCALINO 2 X 5 L
1C34T6PE;DETERGENTE PROLYSTICA 2X CONCENTRADO ALCALINO 10L
1C3708;MULTI-ENZYMATIC CLEANER (4 X 1 GAL CASE)
1C45AW;DETERGENTE PROLYSTICA RESTORE (4 X 4L)
1C45T4PE;DETERGENTE PROLYSTICA RESTORE DESCALER (2 X 5L)
1C5408;DETERGENTE VALSURE NEUTRO (4 X 1GAL)
2016AB;STF LOAD CHECKN HOLDER
2169AB;SOIL TEST
2170AB;PROTEIN KIT TEST
219510100C;KIT COM TUBOS EM SILICONE (10)  PARA LIMPEZA DE CANULADOS
219520200C;CONJUNTO DE TUBOS (CONJUNTO COM 10 TUBOS) PARA CAVIWAVE
219520301C;CONECTOR PLASTICO PRINCIPAL DE MANGUEIRAS
219520302C;CONEXÃO FÊMEA PARA TUBO DE LAVAGEM EM NYLON
219520500C;CONJUNTO DE TUBOS DE ENXAGUE
2230AB;LTS&F BIOLOGICAL(BOX 100)
2231AB;RECOVERY MEDIUM FOR LTS&F (BOX12)
2232AB;INDICADOR BIOLOGICO VAPOR CAIXA COM 100 UN
2233AB;BIO MONITOR AMPULS FOR EO PROCESSES 100AMP/VE
2236AB;BIOLOGICAL INDICATORS, STEAM 10X6 (BOX OF 100))
2240AB;THERMOMETER (SINGLE) FOR USE WITH BROWNE INCUBATOR
2241AB;TRIPLE TEMPERATURE INCUBATOR 37/57/60°C
2243AB;INCUBATOR AND THERMOMETER - UK POWER SUPPLY
2244AB;DUAL TEMPERATURE INCUBATOR 37DEG/57 DEGC
2245AB;BIOLOGICAL INCUBATOR US POWER SUPPLY
2302AB;INTEGRADOR QUIMICO TST 134ºC/5,3MIN C/200 UN.
2302CE;Integrator TST Short 121/15,134/5.3minBOX OF 200 FRANCE
2302CEAB;Integrator TST Short 121/15,134/5.3minBOX OF 200 FRANCE
2304AB;INDICADOR SOIL TESTE CX 10 POTES
2310AB;TST SGL USE BOWIE DICK TEST PACK 121C/8 MN -20 PACKS
2311AB;BOWIE DICK PACK SHEETS  - 134/4.25m
2312AB;STF LOAD CHECK INDICATOR 1VE=25 TEST
2315AB;INDICADOR LOAD CHECK STF CX COM 100 UNIDADES
2316AB;SUPORTE STF LOADCHECK CX. C/ 01 UN.
2317AB;INTEGRADOR QUIMICO TST FLASH C/200 UN
2331AB;INTEGRATOR TST 121/21 MN (BOX OF 100)
2340AB;INTEGRADOR QUIMICO TST 134C/ 3,5 MIN C/100 UN
2341AB;INTEGRADOR QUIMICO 134°C/4MIN 121C/12 MN C/100 UN
2341S;"TST CONTROL INDICATOR 121C/12 MN ; 134C/4 MN"
2341SAB;"TST CONTROL INDICATOR 121C/12 MN ; 134C/4 MN"
2342AB;TST CONTROL INDICATORS -121C/15 MN (BX 100 INDIC.)
2347AB;TST INTEGRATOR 121/15 MN (BOX OF 100)
2351AB;TST LEDD SINGLE-TEST PACK 5 MN 134C / 138C (20/BX)
2352AB;TESTE BOWIE & DICK CX COM 20 PACOTES
2352AB CX;TESTE BOWIE & DICK CX COM 20 PACOTES
2352S;TST SGL USE B. DICK TEST PACK/134C-3.5 MN (20 PACKS) FOR SAUDI
2352SAB;TST SGL USE B. DICK TEST PACK/134C-3.5 MN (20 PACKS) FOR SAUDI
2354A;PERMANENT BLACK MARKER PRINTER LOGO
2354AAB;PERMANENT BLACK MARKER PRINTER LOGO
2354AB;PERMANENT BLACK MARKER PRINTER LOGO
2354F;BOWIE DICK TEST PACK - FRANCE (BOX OF 20 UNITS)
2354FAB;BOWIE DICK TEST PACK - FRANCE (BOX OF 20 UNITS)
2356AB;TST SGL USE B DICK TEST PACK BOX OF 10
2358AB;TST SGL USE B. DICK TEST PACK - ESCHMANN (BX OF 10)
2364AB;TST Bowie Dick Test Pack UK Red (box of 20)
2365AB;TST SGL USE B. DICK TEST PACK - PRESTIGE - BX OF 10
2368AB;EURONDA BOWIE DICK TEST PACK 10 PER BOX
2369AB;NINHYDRIN PROTEIN DET. KIT (BULK PACK) BX OF 25 TESTS
237098GBR01;NINDYDRIN PROTEIN DETECTION TEST REC. SHEET (PACK OF 50)
237098GBR01AB;NINDYDRIN PROTEIN DETECTION TEST REC. SHEET (PACK OF 50)
2370AB;NINHYDRIN PROTEIN DET.  KIT (BX OF 4 TESTS)
2375AB;A CLASS 6 TST CONTROL INDICATOR 134°C/4MINS - 121°C/12MINS
237850AB;DISPOCLEANGREEN 2.8 - 3.2MM 50/BOX
237950AB;DISPOCLEAN YELLOW 3.2- 4.2MM 50/BOX
2379AB;DISPOCLEAN YELLOW 3.2-4.2 MM - BAG OF 25
2385AB;SENSOR CHEMICAL INDICATOR SHEET - 50 SHEETS
2401AB;INDICADOR QUIMICO DE FORMALDEIDO C/100 UN
2402AB;DETECTOR-SPOTS FORMALDEHYD
2410AB;FORMALDEHYDE FUMIGATION INDIC. (BX OF 100 IND.)
2420AB;INTEGR QUIM. OXIDO DE ETILENO C/100 UN
2420S;ETHYLENE OXIDE INTEGRATORS (BX OF 100 INDIC.) SAUDI
2420SAB;ETHYLENE OXIDE INTEGRATORS (BX OF 100 INDIC.) SAUDI
2421AB;ETHIL.OXIDE PROCESS DETECTOR SPOTS-1000 SPOTS
2445A;LOAD CONTROL STRIP FORMALDEHYDE
2445AAB;INDICADOR P/FORMALDEIDO LOADCHEK C/200 UN.
2445AB;CONTROL-STRIP FO
2448AB;CONTROL-SPOT EO (105 SPORT/SHEET)
2460AB;INDICATOR LOW TEMP. STEAM 73 DEG-12 MN (100 INDIC)
2470AB;INTEGRADOR QUIMICO DES-CHECK - 10 MINUTOS - C/100 UN
2471AB;INTEGRADOR QUÍMICO DES-CHECK 90ºC - 5 MINUTOS-C/100 UN
2500AB;VAPOUR STRIP (BX OF 200 INDIC.)
2501AB;INDICADOR QUIMICO VAPOUR STRIP-CX.C/200 UN
2501S;VH202 PROCESS INDICATOR FOR SAUDI BOX OF 200
2501SAB;VH202 PROCESS INDICATOR FOR SAUDI BOX OF 200
2532AB;TESTE BOWIE & DICK
2551AB;INDICADOR QUIMICO MVI ULTRA C/240 UN.
2553AB;BOWIE DICK TEST SHEET PACK 50
2557AB;MVI Ultra White to Black Polish B/X 250
2560AB;INDICATOR STEAM MULTIVARIABLE (BOX OF 250 INDIC)
2561AB;BOWIE-DICK-TEST SHEET MVI STEAM
2563AB;ETHYLENE OXIDE INDICATOR STRIPS BOX/250
2564AB;MVI, STRIPS AND HELIX / 400/BX
2566AB;STEAM PROCESS INDICATOR 3 PART COMP. LABEL SYST (1000)
2568A;STEAM PROCESS 2 PART COMP. SYST LABEL (2000 LABELS)
2568AAB;STEAM PROCESS 2 PART COMP. SYST LABEL (2000 LABELS)
2571AB;1 PART TRACKER LABEL
2577AB;GEORGE ELIOT HOSP STEAM LABEL (750/ROLL)
2578AB;SYNERGY TRACKER SYSTEM ROLL 70X130 MM
2579AB;NORGEN LABELS (2000 PER REEL)
2582AB;1 X 6 ROLLS OF 1000 LABELS
2582ABBOX;1 X 6 ROLLS OF 1000 LABELS
2582BOX;1 X 6 ROLLS OF 1000 LABELS
2583AB;SYNERGY TRACKER SYSTEM ROLL (70 x 115mm) - 1000 Labels
2D75QV;ESCOVA REVITAL-OX (50 CASE) - EXTREMIDADE ÚNICA
2D76QH;ESCOVA REVITAL-OX (100 CASE) - EXTREMIDADE DUPLA
2D77QH;ESCOVA REVITAL-OX (100 CASE) - DUAS EM UMA
2D78QV;ESCOVA REVITAL-OX (50 CASE)
2D92QH;ESPONJA REVITAL-OX D-SPONGE (100 CASE)
3200AB;ABDOMINAL SUCTION SETS (NQ)
3201AB;ABC YANKAUER SUCTION SETS V/C
3301AB;GAMMA CHECK IRRADIATION SPOTS - 1000 SPOTS
3304AB;GAMMA CHECK (BOX OF 5000 ROLLS)
3369AB;KIT DE TESTE DE DETECÇÃO DE PROTEÍNAS RESIDUAIS RESI-TEST
3372AB;ESCOVA DE AMOSTR.ENDOSCOP.SWAB RESI-TEST - 1.0-1.2MM - 150CM
3373AB;ESCOVA DE AMOSTR.ENDOSCOP. SWAB RESI-TEST 1,5-2,6MM - 220 CM
3374AB;ESCOVA DE AMOSTR.ENDOSCOP. SWAB RESI-TEST 1.5-2.6MM - 220CM
3625AB;TAPE DISPENSER
3702AB;INTEGRADOR QUIMICO TST 134°Cº 9MIN C/200 UN.
3702CE;Integrator TST Profiles 134/9 mins BOX/200 FRANCE
3702CEAB;Integrator TST Profiles 134/9 mins BOX/200 FRANCE
3706AB;INTEGRADOR QUIMICO TST 134ºC/18MIN C/200 UN.
3706CE;Integrator TST Prion BOX/200 FRANCE
3706CEAB;Integrator TST Prion BOX/200 FRANCE
3707AB;MEDITRAX TST INDICATORS (BOX OF 200)
3720AB;DECONTAMINATION RECORD CARD
3725AB;INTEGRADOR QUIMICO TST 134°C 7 MIN C/200-ADESIVO
3726AB;INTEGRADOR QUIMICO TST 134°C5.3MIN 121°C/15MIN C/100-ADESIVO
3727AB;TST CONT. INDICATOR -134C/3.5 MN (100 SELF ADH)
3737AB;TST SPOT/RECORD x300 FOR UNICEF
3739AB;TST CONTROL SPOTS 134 C/3.5 (BAG OF 300 SPOTS)
3754AB;JAK PURFECT A2310 INDICATOR (BOX 50)
3760AB;INTEGRADOR QUIMICO TST 134°C/7MIN 121/20MIN C/200 UN
3770AB;CONTROL SPOTS, STEAM, 5.3 MN 134C / 15MN 121C
3771B;CONTROL SPOTS STEAM, 7 MIN 134DEG C / 20 MIN 121DEG C, 105 SPOTS PER SHEET
3771BAB;CONTROL SPOTS STEAM, 7 MIN 134DEG C / 20 MIN 121DEG C, 105 SPOTS PER SHEET
3777AB;INDICADOR QUÍMICO(4 MIN 134 GRAUS,12 MIN 121 GRAUS) C/400UNI
3778AB;TST LOADCHEK 134°C/5,3 MIN 121°C/15MIN C/400 UN
3779AB;TST LOADCHECK 121/20
3780AB;TST KONTR.STRIP STEAM FOR TYPE B STERI VE=250+1HELIX
3781AB;BROWNE EN867 STARTER HELIX 30
3783AB;TST LOADCHEK 134°C/3,5 MIN C/400 UN
3785AB24;DOCUM. SYSTEM LABEL ITALIAN (24ROLLS/500 LBLS)
3788AB;DOCUMENTATION SYSTEM ENVELOPE
3789AB24;DOCUM. SYSTEM LABEL ENGLISH (24ROLLS/500 LBLS)
3790AB;ETIQUETADORA DE 3 LINHAS DE IMPRESSÃO
3794-24;ETIQUETA COM IND.QUIMICO VAPOR CX. 24 X 500
379424AB;ETIQUETA COM IND.QUIMICO VAPOR CX. 24 X 500
3795AB;INK ROLLER FOR 3 LINE LABEL GUN PACK OF 2
45-1503;
45-1503;"3PK SINGLE-END CLEANABLE BRUSH, 3MM DIA., 25""L."
45-447;"3PK SINGLE-END STEEL ROD BRUSH, 3MM DIA., 16""L."
45-447;"3PK SINGLE-END STEEL ROD BRUSH, 3MM DIA., 16""L."
45-541;"3PK SINGLE-END STEEL ROD BRUSH, 3MM DIA., 16""L."
45-541;"3PK SINGLE-END STEEL ROD BRUSH, 3MM DIA., 16""L."
45-543;"3PK SINGLE-END STEEL ROD BRUSH, 3MM DIA., 16""L."
45-543;"3PK SINGLE-END STEEL ROD BRUSH, 3MM DIA., 16""L."
45-545-2;"3PK SINGLE-END STEEL ROD BRUSH, 3MM DIA., 16""L."
45-545-2;"3PK SINGLE-END STEEL ROD BRUSH, 3MM DIA., 16""L."
45-550;"3PK SINGLE-END STEEL ROD BRUSH, 3MM DIA., 16""L."
45-550;"3PK SINGLE-END STEEL ROD BRUSH, 3MM DIA., 16""L."
45-551;"3PK SINGLE-END STEEL ROD BRUSH, 3MM DIA., 16""L."
45-551;"3PK SINGLE-END STEEL ROD BRUSH, 3MM DIA., 16""L."
45-667;"3PK SINGLE-END STEEL ROD BRUSH, 3MM DIA., 16""L."
45-667;"3PK SINGLE-END STEEL ROD BRUSH, 3MM DIA., 16""L."
45-668;"3PK SINGLE-END STEEL ROD BRUSH, 3MM DIA., 16""L."
45-668;"3PK SINGLE-END STEEL ROD BRUSH, 3MM DIA., 16""L."
45-7000;"3PK SINGLE-END STEEL ROD BRUSH, 3MM DIA., 16""L."
45-7000;"3PK SINGLE-END STEEL ROD BRUSH, 3MM DIA., 16""L."
45-755;"3PK SINGLE-END STEEL ROD BRUSH, 3MM DIA., 16""L."
45-755;"3PK SINGLE-END STEEL ROD BRUSH, 3MM DIA., 16""L."
45-8000;"3PK SINGLE-END STEEL ROD BRUSH, 3MM DIA., 16""L."
45-8000;"3PK SINGLE-END STEEL ROD BRUSH, 3MM DIA., 16""L."
5006AB;TST CNTR. LABEL 134/3.5 DUPLEX 2PART (1500 LABELS)
5006AB800;TST CNTR. LABEL 134/3.5 DUPLEX 2PART (800 LABELS)
5007AB;STEAM PROCESS INDIC. LABEL-76X38MM (1000 LBLS/REEL)
5008400AB;STEAM PROCESS INDIC. LABEL -75X123MM (400 LBLS/REEL)
5008AB;STEAM PROCESS INDIC. LABEL -75X123MM (400 LBLS/REEL)
5009AB;LABEL TEXT BASILDON 89X36 MM
5013AB;STEAM PRO. INDIC. LABEL-26X28MM 24 REELS/500 LBS
5014AB;STEAM PROCESS INDIC. LABEL-76X50MM (1500 LBL/REEL)
5017AB;TST CONTROL DUPLEX INDIC. LABEL - 200 LBLS/BX
5018AB;TST CONTROL LABELS – CUSTOMIZED – ROLLS OF 400 LABELS
5021AB;STEAM LABEL 63MM X 51MM - ROLL 1000 LABELS
5031AB;LABELS WITH STEAM INDICATOR, 58X35MM
5032AB;LABELS WITH STEAM INDICATOR, 58.4X36MM, 4000/REEL
5033AB;CONTROL CARDS TST STEAM, 210X35MM
5034AB;LABLES ON A REEL, WIDTH 7 CM, 80 M ON A REEL
5035AB;LABELS WITH STEAM INDICATORS, 90X35MM (2000/REEL)
5038AB;ENDLESS LABEL RED 7CM / 80 METRE ROLL
5039AB;ENDLESS LABEL BLUE 7CM / 80 METRE ROLL
5040AB;ENDLESS LABEL GREEN 7CM / 80 METRE ROLL
5043AB;LABELS STEAM INDICATOR, EXTRA 90x36MM DOUBLE STICKING SINGLE PERFORATED WITH PERFORATED BORDERS
6536AB;GETINGE/BROWNE BENCH TOP BD PACK (BX OF 20 PACKS)
694B;(000330) ESCOVA NYLON P/LIMP L
7301AB;STERIL CNTR TUBE TYPE 1-BLACK SPOT (100 TBS/BX)
7302AB;STERIL CNTR TUBE TYPE 2-YELLOW SPOT 100 TBS/BX
7303AB;STERIL CNTRL TUBE TYPE 3 - GREEN SPOT (100 TBS/BX)
7304AB;STERIL CNTR TUPE TYPE 4 - BLUE SPOT (100 TBS/BX)
7305AB;STERIL. CNTR TUBES TYPE 5-WHITE SPOT-(100 TBS/BOX)
7310AB;SPECIAL CONTROL TUBES (PACK OF 100)
7310ABB;SPECIAL SOLUTION (1L MAKES 50 BOXES OF 100 TUBES)
7310B;SPECIAL SOLUTION (1L MAKES 50 BOXES OF 100 TUBES)
9053AB;COTTON SHEETS FOR STD B. DICK TOWEL PACK - 36 SHEETS
9056AB;TRAY IDENTIFICATION TAGS (BX OF 1000 TAGS)
A1501INT;CARTUCHO PRÉ-FILTRO DE SUBSTITUIÇÃO INTERNACIONAL
A1503INT;FILTRO DE AR
A1504INT;CARTUCHO DE SUBSTITUIÇÃO
A1525INT;FILTRO DE AGUA
A1600INT;ASPIRADOR ESTERILIZANTE
AB100;Porous & Hollow Steam Penetration Test + 400 Indicators
AB100CE;Porous & Hollow Steam Penetration Test + 400 Indicators
AB101;TESTE BOWIE E DICK (400 TIRAS)
AB101-10AR04;AB101 POROUS & HOLLOW STEAM BOX
AB101-10BR04;AB101 POROUS&HOLLOW STEAM INDICATOR BOX
AB101-10BR05;AB101 POROUS&HOLLOW STEAM INDICATOR BOX
AB101-20R03;AB101 IFU
AB101-20R04;AB101 IFU
AB101-40R01;AB101 ROTARY SCREEN
AB101-41R01;PRINTING PLATE BLUE TEXT
AB101-42R01;AB101 PERFORATING FLEXI DIE
AB101-BALLR01;POROUS + HOLLOW STEAM PENETRATION DEVICE
AB101-PBR01;AB101 POROUS & HOLLOW STEAM BOX
AB123;BROWNE SPIRAL LOAD CHECK (NO COUNTER AND NO INDICATORS)
AB123-10R03;AB123-10 SPIRAL LOAD CHECK BOX
AB123-20R05;AB123 IFU
AB123-20R06;AB123 IFU
AB123-TUBE-CAPR01;AB123-TUBE-PLASTIC THREADED CAP
BR-08-092;ESCOVA LIMPEZA CABO AÇO INOXIDÁVEL 2MM-D 20CM-COMP 02/PCT
BR-08-118;ESCOVA LIMPEZA CABO AÇO INOXIDÁVEL 3MM-D 20CM-COMP 02/PCT
BR-08-144;ESCOVA LIMPEZA CABO AÇO INOXIDÁVEL 3.7MM-D 20CM-COMP 02/PCT
BR-08-158;ESCOVA LIMPEZA CABO AÇO INOXIDÁVEL 4MM-D 20CM-COMP 02/PCT
BR-12-079;ESCOVAS DE LIMPEZA DE CANAIS 2 mm - 02/PCT
BR-12-118;ESCOVA LIMPEZA CABO AÇO INOXIDÁVEL 16MM-D 30CM-COMP 02/PCT
BR-12-197;ESCOVA LIMPEZA CABO AÇO INOXIDÁVEL 5MM-D 30CM-COMP 02/PCT
BR-12-236;ESCOVA LIMPEZA CABO AÇO INOXIDÁVEL 6MM-D 30CM-COMP 02/PCT
BR-16-393;ESCOVA LIMPEZA CABO AÇO INOXIDÁVEL 10MM-D 40CM-COMP 02/PCT
BR-18-039;ESCOVAS DE LIMPEZA DE CANAIS 1 mm - 02/PCT
BR-18-125;ESCOVAS DE LIMPEZA DE CANAIS 3.2 mm - 02/PCT
BR-18-158;ESCOVAS DE LIMPEZA DE CANAIS 4 mm - 02/PCT
BR-24-098;ESCOVAS DE LIMPEZA DE CANAIS 2.5 mm - 02/PCT
BR-24-197;ESCOVAS DE LIMPEZA DE CANAIS 5 mm - 02/PCT
BR-24-236;ESCOVAS DE LIMPEZA DE CANAIS 6 mm - 02/PCT
BR-24-393;ESCOVAS DE LIMPEZA DE CANAIS 10 mm - 02/PCT
BR-31-197;ESCOVAS BONE REAMER 5 mm - 03/PCT
BR-3308;ESCOVA LIMP ENDOSC CÔNICA USO ÚNICO
BR-4499;ESCOVAS DE LIMPEZA POPULAR, DIVERSAS-09/PCT
BT220;(005070) INDICADOR BIOL VAPOR 
C1390;VASCU-STAT CLIP (PACOTE COM 2 UNIDADES)
CL0617151;BROWNE SAFESEAL HEAT SEALER - EURO PLUG
CL0617151AB;BROWNE SAFESEAL HEAT SEALER - EURO PLUG
CLUK0617151;BROWNE SAFESEAL HEAT SEALER - UK PLUG
CLUK0617151AB;BROWNE SAFESEAL HEAT SEALER - UK PLUG
DJ050144132;GABINETE DE AQUECIMENTO STANDARD 18 POLEGADA 230V
EQ0864;KIT DEMO ENZIMÁTICO
EQ1401;PULVERIZADOR SPRAYER
EQ1621;COLORÍMETRO PARA TESTE DE ÁGUA
EQ1765;BOMBA MANUAL PARA DETERGENTES - CAPACIDADE 5 GALÕES
EQ1913;RECIPIENTE PARA AMOSTRAGEM DE ÁGUA
EQ1990;TAMPA PARA DETERGENTE PROLYSTICA
EQC004;FITA INDICADORA BOWIE & DICK PARA TUBO VERIFY ALL-IN-ONE
EQC004UN;FITA INDICADORA BOWIE & DICK PARA TUBO VERIFY ALL-IN-ONE
EQC009;INDICADOR BOWIE DICK (CX COM 20 PACOTES)
EXLMBWBA;FOCO PARA EXAMES HEXALUX - VERSÃO MÓVEL COM BATERIA (UN)
FH05043;LAVADORA TERMODESINFECTORA VISION CAMARA ÚNICA ELÉTRICA
GAI085;UNODENT TST CI 134C / 3.5 MINS BOX OF 100 STRIPS
GAI085AB;UNODENT TST CI 134C / 3.5 MINS BOX OF 100 STRIPS
HAWO1561016;SENSOR ÓTICO - SELADORA HAWO
HAWO2230026;ROLO PRESSOR - SELADORA HAWO
HAWO6105125;FITA DE PTFE DO PUNÇÃO DE SELAGEM - SELADORA HAWO
HAWO6271001;CORREIA DENTADA GRANDE - SELADORA HAWO
HPAA01ALABEL;LABEL 15CM X12CM (FOR HPA001A)
HPAA01ALEL;LABEL 15CM X12CM (FOR HPA001A)
HPAA01BLABEL;LABEL 15CM X12CM ( FOR HPAA01)
HPAA01BLEL;LABEL 15CM X12CM ( FOR HPAA01)
HX604;HEXALUMEN ADAPTORS (7/BX)
HX604AB;HEXALUMEN ADAPTORS (7/BX)
IB33B3;ESCOVA DE LIMPEZA P/LAPAROSCOPIA EXTR. DUPLA 7 IN - 3 UN
IC3208;DETERGENTE NEUTRO CONCENTRADO PROLYSTIC (4X1 GAL)
IC3308;DETERGENTE PROLYSTICA 2X CONCENTRADO ENZIMÁTICO (4 X 1GAL)
LC62;VERIFY ALL-IN-ONE PCT TEST DES PAD S/IND                                                            
LCB004;ATIVADOR BIOLÓGICO V-PRO
LCB022;INDICADOR BIOLÓGICO PARA V-PRO
LCB024;PACOTE DESAFIO V-PRO
LCB025;INDICADOR BIOLÓGICO SYSTEM 1
LCB030A;INCUBADORA P/ VERIFY ASSERT 
LCB030-A;INCUBADORA VERIFY® BIOLÓGICOS PARA ESTERILIZADORA A VAPOR
LCB031;INDICADOR BIOLÓGICO AUTO CONTIDO (CAIXA COM  25)
LCB031UN;INDICADOR BIOLÓGICO AUTO CONTIDO (CAIXA COM  25)
LCB033;PACOTE DESAFIO PARA ESTERILIZADORA A VAPOR (25 PCD/25 SCBI)
LCB035;VERIFY ALL-IN-ONE PCTE TESTE DESAFIO PAD C/200 INDICADORES
LCB036;VERIFY ALL-IN-ONE PCD C/CONTADOR DE ETAPAS C/200 INDICADORES
LCB044; INDICADOR BIOLOGICO - Celerity# 20 HP
LCB046;INCUBADORA HP PARA CELERITY # 20 HP
LCB046-A;INCUBADORA HP PARA CELERITY # 20 HP
LCB047;PACOTE DESAFIO CELERITY 20 HP
LCB051;CELERITY STEAM INCUBATOR
LCB051-A;INCUBADORA CELERITY VAPOR
LCB055;VERIFY ALL-IN-ONE PCTE TESTE DESAFIO (TUBO)
LCB061;VAPOR - TUBO LIBERADOR DE CARGA VERIFY ALL-IN-ONE - PARA 400 CICLOS VAPOR ( DISPOSITIVO + 500 IQ TIPO 5) (CJ)
LCB062;VERIFY ALL-IN-ONE PCTE TESTE DESAFIO PADRAO S/INDICADORES
LCB063;CELERITY 20 STEAM BIOLOGICAL INDICATOR (25/BOX) OUS
LCB065;CELERITY 20 STEAM PROCESS CHALLENGE DEVICE FOR DYNAMIC AIR REMOVAL CYCLES (25 PACKS & 25 CONTROLS) OUS
LCC010;SUPORTE PARA TESTE DE LIMPEZA PARA LAVADORA
LCC012;TESTE DE LIMPEZA PARA LAVADORA ( BOX COM 100 INDICADORES )
LCC023;INDICADOR QUÍMICO VERIFY PARA SYSTEM 1 EXPRESS/PLUS
LCC100;MONITOR DE LIMPEZA VERIFY RESI TEST - CX COM 100
M10161;GAS SPRING
M-16;
M-16SS;"3PK SINGLE-END STEEL ROD BRUSH, 3MM DIA., 16""L."
MJ-370;ESCALA FRANCESA DE CATETER, 6 1/4  POLEGADAx 2-5 / 8 POLEGADA-04/PCT
MP20830;TRANSMISSOR DE PRESSAO - INNOWAVEPCF
MT0001144;SOQUETE DO ROTOR - SLIMLED
MT0003996;CABO CONTROLE REMOTO
MT0006837;HAND CONTROL CABLE (BIG CONNECTOR)
MT0007350;INNER SHROUD
MT0007351;MIDDLE SHROUD
MT0007352;OUTER SHROUD
MT0007354;TECLADO DE MEMBRANA - EMAX 300A
MT2000802;ATUADOR PNEUMÁTICO - PERNEIRA
MT9125007;BATERIA MESA EMAX 300
MTA163;PCB,DRIVE ASSY
MTA2157;HAND CONTROLLER BOX ASSEMBLY EMAX300 ADVANTAGE
MTA384;CONTROLE REMOTO
MTA5032;PLACA DE CONTROLE
MTA622;PARAFUSO
N-2000;ESCOVAS DE REAMER ACETABULAR EXTREMIDADE DUPLA 19.6 cm
N-2100;ESCOVA DE LIMPEZA NYLON, TRÊS FILEIRAS - 03/PCT
N-2121;ESCOVA LIMP EXTERNA CERDAS TRIPLAS - 17,78CM COM - 02/PCT
N-4000;ESCOVA LIMPEZA DE INSTRUMENTOS EM GERAL DE NYLON  18.4 cm
NB225;INDICADOR QUIMICO PARA LAVADORA DESINFETADORA
NB225UN;INDICADOR QUIMICO PARA LAVADORA DESINFETADORA
NWFL05200;STERILISATION ROLL FLAT 5CM x 200M
NWFL05200AB;STERILISATION ROLL FLAT 5CM x 200M
NWFL10200;STERILISATION ROLL FLAT 10CM x 200M
NWFL10200AB;STERILISATION ROLL FLAT 10CM x 200M
NWFL15200;STERILISATION ROLL FLAT 15CM x 200M
NWFL15200AB;STERILISATION ROLL FLAT 15CM x 200M
NWFL20200;STERILISATION ROLL FLAT 20CM x 200M
NWFL20200AB;STERILISATION ROLL FLAT 20CM x 200M
NWFL25200;STERILISATION ROLL FLAT 25CM x 200M
NWFL25200AB;STERILISATION ROLL FLAT 25CM x 200M
NWFL30200;STERILISATION ROLL FLAT 30CM x 200M
NWFL30200AB;STERILISATION ROLL FLAT 30CM x 200M
NWFL35200;STERILISATION ROLL FLAT 35CM x 200M
NWFL35200AB;STERILISATION ROLL FLAT 35CM x 200M
NWFL40200;STERILISATION ROLL FLAT 40CM x 200M
NWFL40200AB;STERILISATION ROLL FLAT 40CM x 200M
NWFL75200;STERILISATION ROLL FLAT 7.5CMxX 200M
NWFL75200AB;STERILISATION ROLL FLAT 7.5CMxX 200M
NWFP0525;POUCHES (FLAT) - 5 x 25CM (1000/PACKAGE)
NWFP0525AB;POUCHES (FLAT) - 5 x 25CM (1000/PACKAGE)
NWFP07517;POUCHES (FLAT) - 7.5 x 17CM (1000/PACKAGE)
NWFP07517AB;POUCHES (FLAT) - 7.5 x 17CM (1000/PACKAGE)
NWFP07520;POUCHES (FLAT) - 7.5 x 20 CM (1000/PACKAGE)
NWFP07520AB;POUCHES (FLAT) - 7.5 x 20 CM (1000/PACKAGE)
NWFP07527;POUCHES (FLAT) - 7.5 x 27CM (1000/PACKAGE)
NWFP07527AB;POUCHES (FLAT) - 7.5 x 27CM (1000/PACKAGE)
NWFP07535;POUCHES (FLAT) - 7.5 x 35CM (1000/PACKAGE)
NWFP07535AB;POUCHES (FLAT) - 7.5 x 35CM (1000/PACKAGE)
NWFP07540;POUCHES (FLAT) - 7.5 x 40CM (1000/PACKAGE)
NWFP07540AB;POUCHES (FLAT) - 7.5 x 40CM (1000/PACKAGE)
NWFP1020;POUCHES (FLAT) - 10 x 20 CM (1000/PACKAGE)
NWFP1020AB;POUCHES (FLAT) - 10 x 20 CM (1000/PACKAGE)
NWFP1026;POUCHES (FLAT) - 10 x 26CM (1000/PACKAGE)
NWFP1026AB;POUCHES (FLAT) - 10 x 26CM (1000/PACKAGE)
NWFP1030;POUCHES (FLAT) - 10 x 30CM (1000/PACKAGE)
NWFP1030AB;POUCHES (FLAT) - 10 x 30CM (1000/PACKAGE)
NWFP1035;POUCHES (FLAT) - 10 x 35CM (1000/PACKAGE)
NWFP1035AB;POUCHES (FLAT) - 10 x 35CM (1000/PACKAGE)
NWFP1040;POUCHES (FLAT) -10 x 40CM (1000/PACKAGE)
NWFP1040AB;POUCHES (FLAT) -10 x 40CM (1000/PACKAGE)
NWFP1230;POUCHES (FLAT) - 12 x 30CM (1000/PACKAGE)
NWFP1230AB;POUCHES (FLAT) - 12 x 30CM (1000/PACKAGE)
NWFP1420;POUCHES (FLAT) - 14 x 20CM (1000/PACKAGE)
NWFP1420AB;POUCHES (FLAT) - 14 x 20CM (1000/PACKAGE)
NWFP1425;POUCHES (FLAT) - 14 x 25CM (1000/PACKAGE)
NWFP1425AB;POUCHES (FLAT) - 14 x 25CM (1000/PACKAGE)
NWFP1429;POUCHES (FLAT) - 14 x 29CM (1000/PACKAGE)
NWFP1429AB;POUCHES (FLAT) - 14 x 29CM (1000/PACKAGE)
NWFP1520;POUCHES (FLAT) - 15 x 20CM (1000/PACKAGE)
NWFP1520AB;POUCHES (FLAT) - 15 x 20CM (1000/PACKAGE)
NWFP1525;POUCHES (FLAT) - 15 x 25CM (1000/PACKAGE)
NWFP1525AB;POUCHES (FLAT) - 15 x 25CM (1000/PACKAGE)
NWFP1530;POUCHES (FLAT) - 15 x 30CM (1000/PACKAGE)
NWFP1530AB;POUCHES (FLAT) - 15 x 30CM (1000/PACKAGE)
NWFP1535;POUCHES (FLAT) - 15 x 35CM (1000/PACKAGE)
NWFP1535AB;POUCHES (FLAT) - 15 x 35CM (1000/PACKAGE)
NWFP1540;POUCHES (FLAT) - 15 x 40CM (1000 PACKAGE)
NWFP1540AB;POUCHES (FLAT) - 15 x 40CM (1000 PACKAGE)
NWFP2040;POUCHES (FLAT) - 20 x 40CM (1000/PACKAGE)
NWFP2040AB;POUCHES (FLAT) - 20 x 40CM (1000/PACKAGE)
NWFP2128;POUCHES (FLAT) - 21 x 28CM (1000/PACKAGE)
NWFP2128AB;POUCHES (FLAT) - 21 x 28CM (1000/PACKAGE)
NWFP2135;POUCHES (FLAT) - 21 x 35CM (1000PACKAGE)
NWFP2135AB;POUCHES (FLAT) - 21 x 35CM (1000PACKAGE)
NWFP2535;POUCHES (FLAT) - 25 x 35CM (1000/PACKAGE)
NWFP2535AB;POUCHES (FLAT) - 25 x 35CM (1000/PACKAGE)
NWFP2540;POUCHES (FLAT) - 25 x 40CM (1000/PACKAGE)
NWFP2540AB;POUCHES (FLAT) - 25 x 40CM (1000/PACKAGE)
NWFP2550;POUCHES (FLAT) - 25 x 50CM (1000/PACKAGE)
NWFP2550AB;POUCHES (FLAT) - 25 x 50CM (1000/PACKAGE)
NWFP2835;POUCHES (FLAT) - 28 x 35CM (1000/PACKAGE)
NWFP2835AB;POUCHES (FLAT) - 28 x 35CM (1000/PACKAGE)
NWFP2840;POUCHES (FLAT) - 28 x 40CM (1000/PACKAGE)
NWFP2840AB;POUCHES (FLAT) - 28 x 40CM (1000/PACKAGE)
NWFP2848;POUCHES (FLAT) - 28 x 48CM (1000/PACKAGE)
NWFP2848AB;POUCHES (FLAT) - 28 x 48CM (1000/PACKAGE)
NWFP3040;POUCHES (FLAT) - 30 x 40CM (1000/PACKAGE)
NWFP3040AB;POUCHES (FLAT) - 30 x 40CM (1000/PACKAGE)
NWFP3045;POUCHES (FLAT) - 30 x 45CM (1000/PACKAGE)
NWFP3045AB;POUCHES (FLAT) - 30 x 45CM (1000/PACKAGE)
NWFP3050;POUCHES (FLAT) - 30 x 50CM (1000/PACKAGE)
NWFP3050AB;POUCHES (FLAT) - 30 x 50CM (1000/PACKAGE)
NWFP3550;POUCHES (FLAT) - 35 x 50CM (1000/PACKAGE)
NWFP3550AB;POUCHES (FLAT) - 35 x 50CM (1000/PACKAGE)
NWGP1028;POUCHES (GUSSETTED) - 10x4x28CM (1000/PACKAGE)
NWGP1028AB;POUCHES (GUSSETTED) - 10x4x28CM (1000/PACKAGE)
NWGP1030;POUCHES (GUSSETTED) - 10x4x30 CM (1000/PACKAGE)
NWGP1030AB;POUCHES (GUSSETTED) - 10x4x30 CM (1000/PACKAGE)
NWGP1039;POUCHES (GUSSETTED) - 10x4x39 CM (1000/PACKAGE)
NWGP1039AB;POUCHES (GUSSETTED) - 10x4x39 CM (1000/PACKAGE)
NWGP1045;POUCHES (GUSSETTED) - 10x4x45 CM (1000/PACKAGE)
NWGP1045AB;POUCHES (GUSSETTED) - 10x4x45 CM (1000/PACKAGE)
NWGP1528;POUCHES (GUSSETTED) - 15x4x28CM (1000/PACKAGE)
NWGP1528AB;POUCHES (GUSSETTED) - 15x4x28CM (1000/PACKAGE)
NWGP1539;POUCHES (GUSSETTED) - 15x5x39CM (1000/PACKAGE)
NWGP1539AB;POUCHES (GUSSETTED) - 15x5x39CM (1000/PACKAGE)
NWGP1558;POUCHES (GUSSETTED) - 15x5 x58CM (1000/PACKAGE)
NWGP1558AB;POUCHES (GUSSETTED) - 15x5 x58CM (1000/PACKAGE)
NWGP1639;POUCHES (GUSSETTED) - 16x5x39CM (1000/PACKAGE)
NWGP1639AB;POUCHES (GUSSETTED) - 16x5x39CM (1000/PACKAGE)
NWGP2039;POUCHES (GUSSETTED) - 20x5x39CM (1000/PACKAGE)
NWGP2039AB;POUCHES (GUSSETTED) - 20x5x39CM (1000/PACKAGE)
NWGP2045;POUCHES (GUSSETTED) - 20x5x45CM (1000/PACKAGE)
NWGP2045AB;POUCHES (GUSSETTED) - 20x5x45CM (1000/PACKAGE)
NWGP2045ABB;POUCHES (GUSSETTED) - 20x5x45CM (500/PKGE) ALBERT BROWN LAB VERSION
NWGP2045B;POUCHES (GUSSETTED) - 20x5x45CM (500/PKGE) ALBERT BROWN LAB VERSION
NWGP2048;POUCHES (GUSSETTED) - 20x5x48CM (1000/PACKAGE)
NWGP2048AB;POUCHES (GUSSETTED) - 20x5x48CM (1000/PACKAGE)
NWGP2545;POUCHES (GUSSETTED) - 25x5x45CM (1000/PACKAGE)
NWGP2545AB;POUCHES (GUSSETTED) - 25x5x45CM (1000/PACKAGE)
NWGP2548;POUCHES (GUSSETTED) - 25x6x48CM (1000/PACKAGE)
NWGP2548AB;POUCHES (GUSSETTED) - 25x6x48CM (1000/PACKAGE)
NWGP25645;POUCHES (GUSSETTED) - 25x6.5x45CM (1000/PACKAGE)
NWGP25645AB;POUCHES (GUSSETTED) - 25x6.5x45CM (1000/PACKAGE)
NWGP7525;POUCHES (GUSSETTED) - 7.5x4x25CM (1000/PACKAGE)
NWGP7525AB;POUCHES (GUSSETTED) - 7.5x4x25CM (1000/PACKAGE)
NWGS10100;STERILISATION ROLL GUSSETTED 10x5CMx100M
NWGS10100AB;STERILISATION ROLL GUSSETTED 10x5CMx100M
NWGS15100;STERILISATION ROLL GUSSETTED 15x5CMx100M
NWGS15100AB;STERILISATION ROLL GUSSETTED 15x5CMx100M
NWGS20100;STERILISATION ROLL GUSSETTED 20x5.5CMx100M ALBERT BROWNE LAB. VERSION ‘
NWGS20100AB;STERILISATION ROLL GUSSETTED 20x5.5CMx100M ALBERT BROWNE LAB. VERSION ‘
NWGS25100;STERILISATION ROLL GUSSETTED 25x6.5CMx100M
NWGS25100AB;STERILISATION ROLL GUSSETTED 25x6.5CMx100M
NWGS30100;STERILISATION ROLL GUSSETTED 30x8CMx100M
NWGS30100AB;STERILISATION ROLL GUSSETTED 30x8CMx100M
NWGS40100;STERILISATION ROLL GUSSETTED 40x8CMx100M
NWGS40100AB;STERILISATION ROLL GUSSETTED 40x8CMx100M
NWGS75100;STERILISATION ROLL GUSSETTED 7.5x5CMx100M
NWGS75100AB;STERILISATION ROLL GUSSETTED 7.5x5CMx100M
NWKP0915;POUCHES (SELF SEAL) - 9x15CM (200/PACKAGE)
NWKP0915AB;POUCHES (SELF SEAL) - 9x15CM (200/PACKAGE)
NWKP0923;POUCHES (SELF SEAL) - 9x23CM (200/PACKAGE)
NWKP0923AB;POUCHES (SELF SEAL) - 9x23CM (200/PACKAGE)
NWKP0927;POUCHES (SELF SEAL) - 9x27CM (200/PACKAGE)
NWKP0927AB;POUCHES (SELF SEAL) - 9x27CM (200/PACKAGE)
NWKP0960;POUCHES (SELF SEAL) - 9x60CM (200/PACKAGE)
NWKP0960AB;POUCHES (SELF SEAL) - 9x60CM (200/PACKAGE)
NWKP1036;POUCHES (SELF SEAL) - 10x36CM (200/PACKAGE)
NWKP1036AB;POUCHES (SELF SEAL) - 10x36CM (200/PACKAGE)
NWKP1128;POUCHES (SELF SEAL) - 11x28CM (200/PACKAGE)
NWKP1128AB;POUCHES (SELF SEAL) - 11x28CM (200/PACKAGE)
NWKP1325;POUCHES (SELF SEAL) - 13x25CM (200/PACKAGE)
NWKP1325AB;POUCHES (SELF SEAL) - 13x25CM (200/PACKAGE)
NWKP1329;POUCHES (SELF SEAL) - 13x29CM (200/PACKAGE)
NWKP1329AB;POUCHES (SELF SEAL) - 13x29CM (200/PACKAGE)
NWKP1336;POUCHES (SELF SEAL) - 13x36CM (200/PACKAGE)
NWKP1336AB;POUCHES (SELF SEAL) - 13x36CM (200/PACKAGE)
NWKP1428;POUCHES (SELF SEAL) - 14x28CM (200/PACKAGE)
NWKP1428AB;POUCHES (SELF SEAL) - 14x28CM (200/PACKAGE)
NWKP1430;POUCHES (SELF SEAL) - 14x30CM (200/PACKAGE)
NWKP1430AB;POUCHES (SELF SEAL) - 14x30CM (200/PACKAGE)
NWKP1530;POUCHES (SELF SEAL) - 15x30CM (200/PACKAGE)
NWKP1530AB;POUCHES (SELF SEAL) - 15x30CM (200/PACKAGE)
NWKP2033;POUCHES (SELF SEAL) - 20x33CM (200/PACKAGE)
NWKP2033AB;POUCHES (SELF SEAL) - 20x33CM (200/PACKAGE)
NWKP2035;POUCHES (SELF SEAL) - 20x35CM (200/PACKAGE)
NWKP2035AB;POUCHES (SELF SEAL) - 20x35CM (200/PACKAGE)
NWKP2042;POUCHES (SELF SEAL) - 20x42CM (200/PACKAGE)
NWKP2042AB;POUCHES (SELF SEAL) - 20x42CM (200/PACKAGE)
NWKP3040;POUCHES (SELF SEAL) - 30x40CM (200/PACKAGE)
NWKP3040AB;POUCHES (SELF SEAL) - 30x40CM (200/PACKAGE)
NWKP3042;POUCHES (SELF SEAL) - 30x42CM (200/PACKAGE)
NWKP3042AB;POUCHES (SELF SEAL) - 30x42CM (200/PACKAGE)
NWKP7525;POUCHES (SELF SEAL) - 7.5x25CM (200/PACKAGE)
NWKP7525AB;POUCHES (SELF SEAL) - 7.5x25CM (200/PACKAGE)
NWTP07520;POUCHES TYVEK 1037B 7.5x20CM
NWTP07520AB;POUCHES TYVEK 1037B 7.5x20CM
NWTP1028;POUCHES TYVEK 1073B 10x28CM
NWTP1028AB;POUCHES TYVEK 1073B 10x28CM
NWTP1530;POUCHES TYVEK 1073B 15x30CM
NWTP1530AB;POUCHES TYVEK 1073B 15x30CM
NWTP2040;POUCHES TYVEK 1073B 20x40CM
NWTP2040AB;POUCHES TYVEK 1073B 20x40CM
NWTP2545;POUCHES TYVEK 1073B 20x45CM
NWTP2545AB;POUCHES TYVEK 1073B 20x45CM
NWTY1070;ROLO DE ESTERELIZANTE FLAT/10CM X 70M
NWTY1070AB;STERILISATION ROLL TYVEK FLAT 10CMx70M (1000/PACKAGE)
NWTY1570;STERILISATION TOLL TYVEK FLAT 15CMx70M (1000/PACKAGE)
NWTY1570AB;STERILISATION TOLL TYVEK FLAT 15CMx70M (1000/PACKAGE)
NWTY2070;ROLO DE ESTERELIZANTE FLAT/20CM X 70M
NWTY2070AB;STERILISATION ROLL TYVEK FLAT 20CMx70M (1000/PACKAGE)
NWTY2570;ROLO ESTERELIZANTE 25 CM X 70 CM
NWTY2570AB;STERILISATION ROLL TYVEK FLAT 25CMx70 M (1000/PACKAGE)
NWTY3070;ROLO DE ESTERELIZANTE 30CM X 70M
NWTY3070AB;STERILISATION ROLL TYVEK FLAT 30CMx70M (1000/PACKAGE)
NWTY3570;ROLO DE ESTERELIZANTE 35CM X 70M
NWTY3570AB;STERILISATION ROLL TYVEK FLAT 35CMx70M (1000/PACKAGE)
NWTY4070;STERILISATION ROLL TYVEK FLAT 40 CMx70M (1000/PACKAGE)
NWTY4070AB;STERILISATION ROLL TYVEK FLAT 40 CMx70M (1000/PACKAGE)
NWTY5070;ROLO DE ESTERELIZANTE 50CMX70M
NWTY7570;ROLO DE ESTERELIZANTE 7.5CM X 70M
NWTY7570AB;STERILIZATION ROLL TYVEK FLAT 7.5CMx70M (1000/PACKAGE)
OR-54L;SISTEMA DE OSMOSE REVERSA 54 L/H
ORT001C;OFFSET COUNTER-EXTENSION BAR
P036625045;ARRUELA 7/16-20
P056401340;SWITCH,PLUNGER TYPE
P093897504;CILINDRO DE AR
P093914204;PAPEL TIPO ROLO (CAIXA COM 3)
P093929020;PAPEL PARA IMPRESSAO TIPO ROLO PARA ESTERILIZADORA
P093940125;VÁLVULA DE ISOLAMENTO V-PRO
P093940272;Valvula 3 vias para VPRO
P11022434;TRANSDUTOR DE PRESSAO PT1 - VPRO MAX2
P117013907;GUARNIÇÃO DE PORTA
P117015553;CONTATOR C4 PARA LAVADORA SYNERGY
P117020839;TERMODISCO,MANUAL RESET,260F,ASS'Y
P117035824;ARRUELA DO PULVERIZADOR
P117037119;SUPORTE DO SENSOR DE DETERGENTE PARA LAVADORA SYNERGY
P117040604;LIMITADOR DE PORTA
P117049101;TRAVA DO CUBO DO BRAÇO DO ESPALHADOR
P117051475;CABO DE ALIMENTAÇÃO AC (SAÍDA P54/P9) PARA LAVADORA SYNERGY
P117051479;AC HARNESS P53/P7 SYNERGY
P117051895;MANGUEIRA,VENT,FLEX,2 POLEGADAIDX56 POLEGADALG
P117052155;BICO ASPERSOR PARA LAVADORA
P117055084;ANEL O-RING,SILICONE,1-1/2 POLEGADAOD X 1-1/4 POLEGADAID
P117055344;PISTAO P/ VALVULA SECAGEM
P117059977;HOSE,1-1/2 POLEGADAX3 POLEGADA,RED PARKER
P117064826;COTOVELO DE POLIPROPILENO - CARTWASHER 1327
P117067532;MAGNET SPRAY HEADER
P117070048;PARAFUSO EM AÇO S/S,M3X0.5MMX8MM
P117072391;PINO TRAVA VISION SC
P117902323;TUBING, BLUE, 5/32 IN. O.D.
P117902568;MANILHA - 444
P117902728;PINO TRAVA - 444
P117903640;JUNTA DE BORRACHA PARA VEDAÇÃO
P117903641;SELO MECANICO
P117904440;BICO DO ACUMULADOR DE OXIGÊNIO PARA RACK LAVADORA SYNERGY
P117904590;PARAFUSO 8-32 X 1/8
P117908238;COTOVELO PNEUMÁTICO - VISION 1327
P117908973;VÁLVULA INFERIOR  3/8 OD
P117911124;CONTATOR
P117914702;CILINDRO PNEUMATICO
P117916174;SENSOR DE TEMPERATURA F.
P117916285;VALVULA SOLENOIDE #173057
P117917091;"WASHER,SILI .49""IDX1.062"""
P117917244;ABRAÇADEIRA OETIKER 24,1MM - SYNERGY
P117917255;ABRACADEIRA S/S,W/SCREW 40-60MM
P117950599;LUBRIFICANTE DE SILICONE
P117950798;MANGUEIRA ¾ x 2.1/4 - PARA LAVADORA SYNERGY
P117950836;PARAFUSO MACH 10-32X 1/2
P117951016;PINO (1/16X1 IN.)
P117951298;BICO DE POLIETILENO PARA RACK LAVADORA SYNERGY
P117951568;JUNTA DE SILICONE 2 POLEGADA (TRI-CLAMP)
P117951706;ROLO DE BLOCO
P117952345;TUBO 1/4 IN.I.D
P117953306;JUNTA SILICONE 1 1/2  POLEGADA (TRI-CLAMP)
P117955492;MANGUEIRA VERDE 3/8
P117956032;ANEL DE VEDAÇÃO (SILICONE_, P/ SIST SYNERGY
P117957221;PARAFUSO COM CABEÇOTE E BUCHA 1/4 IN 20
P117988265;ENTRADA DE CORRER
P117996185;ANEL DE SUPORTE PARA RACK DE LAVADORA
P129353552;SWITCH, DOOR LOCKED
P129353553;SWITCH, DOOR LATCHED
P129359008;PAPEL PARA IMPRESSÃO (CAIXA C/ 5 ROLOS)
P129367215;COTOVELO PARA ACOPLAMENTO
P129384641;FILTRO DE AR
P129385263;FILTRO
P129385405;MALE CONNECTOR
P129385499;Conexão Tee para VproMax
P129385501;Niple conexão para VproMax
P129603002;VALVE UMBRELLA
P136822040;IMPRESSORA DE IMPACTO
P136822051;TUBULAÇÃO DE AR PARA MONTAGEM DA ESTERILIZADORA
P146660338;MOTOR HOUSING ASSEMBLY
P150828440;FITA DE IMPRESSÃO (CAIXA C/ 2 ROLOS)
P150832632;CONTROLE DE MÃO COM CABO PARA MESA 4085
P387345313;COTOVELO 1/4 DE BRONZE
P755716005.;CONEXÃO DE IMPRESSORA
P764316147;REPARO DE VALVULA SOLENOIDE
P764317688;KIT REPARO DE VÁLVULA S2 E S9 CENTURY MEDIUM 26X37.5
P764324895;CONJUNTO DE REPARO DE VÁLVULA S1 PARA CENTURY MEDIUM
P764328571;CABO DE CONTROLE
P764330673;PAPEL DE IMPRESSÃO
P764333354;KIT DE MANUTENÇÃO PREVENTIVA GERAL PARA A  V-PRO
P764333636;KIT,VPRO AIR MANIFOLD REP
P764334481;KIT MANUTENÇÃO PREVENTIVA - SISTEMA A VÁCUO PARA V- PRO
P764334913;CONTROL UNIT WARRICK
P764335427;CONJUNTO DE MANUTENÇÃO PARA LAVADORA AMSCO 2532
P764335506;KIT MANUTENÇÃO PREVENTIVA PARA AMSCO 3052/5052
P764335557;KIT MANUTENÇÃO SISTEMA DE VÁCUO - VPRO 60
P764335558;KIT MANUTENÇÃO GERAL - VPRO 60
P764337176;KIT DE MANUTENÇÃO PREVENTIVA - SISTEMA A VÁCUO - V-PRO MAX 2
P764337177;PM PACK,VPRO MAX2 GENERAL
P764337296;VALVE,CHECK,INLINE 1/4
P764337327;AIR UTILITY KIT,VPRO
PB007;VAPROX - 113 ML
PB011;VAPROX HC (3 X 113 ML) RFID
PB011 UN;VAPROX HC (3 X 113 ML) RFID
PB012;VAPROX HC ESTERELIZANTE - (4 X 29.6 ML) RFID
PC-100C;LIMPADORES DE TUBOS ALGODAO: ROLOS DE 50' - 3.2 mm
PC-300P;LIMPADORES DE TUBOS POLIESTER: ROLOS DE 50' - 3.2 mm
PCC057;ETIQUETA ADESIVA
PCC062;INDICADOR QUÍMICO VERIFY HPI (200/CX)
PCC064;INDICADOR QUÍMICO CLASSE 5 PARA ESTERILIZADOR A VAPOR
PCC067;INDICADOR QUÍMICO TIPO 5 PARA ESTERILIZADOR A VAPOR 500UN
PCC067UN;INDICADOR QUÍMICO TIPO 5 PARA ESTERILIZADOR A VAPOR 500UN
PCC071;FITA ADESIVA C/ INDICADOR QUIMICO P/ PEROXIDO-CX C/ 6 ROLOS
PCC075;INDICADOR QUÍMICO CELERITY HP
PCC078;ETIQUETA ADESIVA CELERITY VH202 (ROLO C/ 1000 UNIDADES)
PK450503;"3PK SHALLOW CANNULA BRUSH, 3MM DIA., 5""L., WHITE"
PK450505;"3PK SHALLOW CANNULA BRUSH, 5MM DIA., 5""L., GREEN"
PK450507;"3PK SHALLOW CANNULA BRUSH, 7MM DIA., 5""L., YELLOW"
PK450510;"3PK SHALLOW CANNULA BRUSH, 10MM DIA., 5""L., PINK"
PK451000;3PK LIGHT PIPE BRUSH
PK45108;"3PK SINGLE-END STEEL ROD BRUSH, 3MM DIA., 16""L."
PK45109;"3PK SINGLE-END STEEL ROD BRUSH, 4MM DIA., 16""L."
PK45110;"3PK SINGLE-END STEEL ROD BRUSH, 5MM DIA., 16""L."
PK45111;"3PK SINGLE-END STEEL ROD BRUSH, 7MM DIA., 16""L."
PK45112;"3PK SINGLE-END STEEL ROD BRUSH, 10MM DIA., 16""L."
PK45113;"3PK SINGLE-END STEEL ROD BRUSH, 12MM DIA., 16""L."
PK451503;"3PK SINGLE-END CLEANABLE BRUSH, 3MM DIA., 25""L."
PK451504;"3PK SINGLE-END CLEANABLE BRUSH, 4MM DIA., 25""L."
PK451505;"3PK SINGLE-END CLEANABLE BRUSH, 5MM DIA., 25""L."
PK451508;"3PK SINGLE-END CLEANABLE BRUSH, 8MM DIA., 25""L."
PK451510;"3PK SINGLE-END CLEANABLE BRUSH, 10MM DIA., 25""L."
PK45202NS;DOUBLE HEADED BRUSH NYLON & STEEL (PKG/3)
PK45205;3PK CURVED CLEANING BRUSH, LARGE
PK45206;3PK CURVED CLEANING BRUSH, SMALL
PK452405;12PK DISPOSABLE BRUSH TIP, 5MM
PK452408;12PK DISPOSABLE BRUSH TIP, 8MM
PK452410;12PK DISPOSABLE BRUSH TIP, 10MM
PK452503;"3PK DBLE-ENDED CLEANABLE BRUSH, 3MM DIA., 25""L."
PK452505;"3PK DBLE-ENDED CLEANABLE BRUSH, 5MM DIA., 25""L."
PK452508;"3PK DBLE-ENDED CLEANABLE BRUSH, 8MM DIA., 25""L."
PK452510;"3PK DBLE-ENDED CLEANABLE BRUSH, 10MM DIA., 25""L."
PK45303B;BRUSH, BRASS BRISTLES (PKG OF 3)
PK45303N;NYLON BRISTLE BRUSH PLASTIC HANDLE (PKG OF 3)
PK45303SS;STSTEEL BRISTLE BRUSH PLASTIC HANDLE (PKG OF 3)
PK45304N;SMALL NYLON BRUSH W/ SOFT GRIP HANDLE
PK45304SS;SMALL STAINLESS STEEL BRUSH W/ SOFT GRIP HANDLE
PK45305N;LARGE NYLON BRUSH W/SOFT GRIP HANDLE
PK45305SS;LARGE STAINLESS STEEL BRUSH W/ SOFT GRIP HANDLE
PK4539;"3PK NYLON TWISTED WIRE BRUSH,  0.375"" DIA., 6""L."
PK454005;12IN BOTTLE BRUSH, 7CM DIA., WHITE HANDLE
PK454006;16IN BOTTLE BRUSH, 8.25CM DIA., WHITE HANDLE
PK45444;"3PK BONE REAMER CLEANING BRUSH, 3MM DIA., 31""L."
PK45447;"3PK STIFF-LINE CLEANING BRUSH, 5MM DIA., 18""L."
PK45448;"3PK STIFF-LINE CLEANING BRUSH, 10MM DIA., 18""L."
PK45449;"3PK STIFF-LINE CLEANING BRUSH, 15MM DIA., 18""L."
PK45454;"3PK FLEXIBLE SCOPE DRIP TUBE, 4"" BRUSH HEAD, 54""L."
PK4547;"3PK NYLON TWISTED WIRE BRUSH, 4MM"" DIA., 16""L."
PK45502;"3PK NYLON TWISTED WIRE BRUSH, 0.25"" DIA., 50""L."
PK45512;"3PK NYLON TWISTED WIRE BRUSH, 5MM DIA., 12""L."
PK45516;"3PK NYLON TWISTED WIRE BRUSH, 5MM DIA., 16""L."
PK45524;"3PK NYLON TWISTED WIRE BRUSH, 5MM DIA., 24""L."
PK45535;16IN OAL-2MM TRIM-RED BEAD  (PKG OF 3)
PK45536;16IN OAL-3MM TRIM-WHITE BEAD (PKG OF 3)
PK45537;16IN OAL-3MM TRIM-WHITE BEAD (PKG OF 3)
PK45538;"4MM DIA.,16"" L, BLU BEAD NYL TWST WIRE BRUSH PKG/3"
PK45539;"3PK NYLON TWISTED WIRE BRUSH, 5MM DIA., 16""L."
PK45540;"3PK NYLON TWISTED WIRE BRUSH, 7MM DIA., 16""L."
PK45541;"3PK NYLON TWISTED WIRE BRUSH, 10MM DIA., 16""L."
PK455414;"3PK NYLON TWISTED WIRE BRUSH, 12MM DIA., 16""L."
PK45542;"3PK NYLON TWISTED WIRE BRUSH, 2MM DIA., 12""L."
PK45543;"3PK NYLON TWISTED WIRE BRUSH, 3MM DIA., 12""L."
PK45544;"3PK NYLON TWISTED WIRE BRUSH, 4MM DIA., 12""L."
PK45544185;"3PK NYLON TWISTED WIRE BRUSH, 4MM DIA., 18.5""L."
PK455442;"3PK NYLON TWISTED WIRE BRUSH, 4MM DIA., 12""L."
PK45545;"3PK NYLON TWISTED WIRE BRUSH, 5MM DIA., 12""L."
PK455452;"3PK NYLON TWISTED WIRE BRUSH, 5MM DIA., 12""L."
PK45546;"3PK NYLON TWISTED WIRE BRUSH, 6MM DIA., 12""L."
PK455462;"3PK NYLON TWISTED WIRE BRUSH, 6MM DIA., 12""L."
PK45550;"3PK NYLON TWISTED WIRE BRUSH, 2.5MM DIA., 24""L."
PK45551;"3PK NYLON TWISTED WIRE BRUSH, 5MM DIA., 24""L."
PK45552;"3PK NYLON TWISTED WIRE BRUSH, 7MM DIA., 24""L."
PK45553;"3PK NYLON TWISTED WIRE BRUSH, 10MM DIA., 24""L."
PK45554;"3PK NYLON TWISTED WIRE BRUSH, 2MM DIA., 16""L."
PK45557;"3PK NYLON TWISTED WIRE BRUSH, 7MM DIA., 16""L."
PK45558;"3PK DBLE-ENDED STEEL ROD BRUSH, 1.3/1.7MM, 17""L."
PK456103;"3PK NYLON TWISTED WIRE BRUSH, 11MM DIA., 16""L."
PK4563;"3PK NYLON TWISTED WIRE BRUSH, 0.75"" DIA., 8""L."
PK4566;"3PK NYLON TWISTED WIRE BRUSH, 0.41"" DIA., 16""L."
PK45663;"3PK STIFF-LINE CLEANING BRUSH, 7MM DIA., 18""L."
PK45665;"3PK FLEXIBLE REAMER BRUSH, 7MM DIA., 31""L."
PK4566518;"BONE REAMER BRUSH, 18"" 7MM (PKG OF 3)"
PK45667;"3PK STIFF-LINE CLEANING BRUSH, 5MM DIA., 18""L."
PK45668;"3PK STIFF-LINE CLEANING BRUSH, 10MM DIA., 18""L."
PK45669;"3PK STIFF-LINE CLEANING BRUSH, 15MM DIA., 18""L."
PK457000;"3PK BOX-LOCK CLEANING BRUSH, 7""L."
PK45730;"3PK QUIVER BRUSH, 2.375"" DIA., 21""L."
PK4574;"3PK NYLON TWISTED WIRE BRUSH, 0.905"" DIA., 15""L."
PK45750;"3PK BONE REAMER CLEANING BRUSH, 3"" DIA., 11""L."
PK45755;"3PK DBLE-ENDED REAMER BRUSH, 6.5""L."
PK45757;"3PK DBLE-ENDED CLEANING BRUSH, 28""L."
PK458000;"3PK LARGE INSTRUMENT BRUSH, 7""L."
PK458014;"SPONGE TIP BRUSH 6"" 4MM FOAM TIP WHT HANDLE PKG/50"
PK45825;"3PK UTILITY BRUSH, 3.5"" X 3.5"" BRUSH HEAD, 9""L."
PK45830;"3PK UTILITY BRUSH, 3.5"" X 3.5"" BRUSH HEAD, 20""L."
PK45846;"3PK NYLON TWISTED WIRE BRUSH, 6MM DIA., 8""L."
PK45847;"3PK NYLON TWISTED WIRE BRUSH, 7MM DIA., 8""L."
PK45848;"3PK NYLON TWISTED WIRE BRUSH, 8MM DIA., 10""L."
PK45850;"3PK NYLON TWISTED WIRE BRUSH, 11MM DIA., 13""L."
PK45852;"3PK NYLON TWISTED WIRE BRUSH, 10MM DIA., 10""L."
PK45853;"3PK NYLON TWISTED WIRE BRUSH, 13MM DIA., 13""L."
PK45854;16IN OAL-4MM TRIM-BLUE BEAD-FAN TIP (PKG OF 3)
PK45855;16IN OAL-5MM TRIM-LGT AVOCADO BEAD-FAN TIP (PKG/3)
PK45856;16IN OAL-6MM TRIM-BLACK BEAD-FAN TIP (PKG OF 3)
PK45903;3PK BARON SUCTION TUBE CLEANING BRUSH, 5FR
PK45904;3PK BARON SUCTION TUBE CLEANING BRUSH, 3FR
PK45905;3PK BARON SUCTION TUBE CLEANING BRUSH, 5FR
PK45906;3PK FRAZIER SUCTION TUBE CLEANING BRUSH, 6FR
PK45907;3PK FRAZIER SUCTION TUBE CLEANING BRUSH, 7FR
PK45908;3PK FRAZIER SUCTION TUBE CLEANING BRUSH, 8FR
PK45909;3PK FRAZIER SUCTION TUBE CLEANING BRUSH, 9FR
PK45910;3PK FRAZIER SUCTION TUBE CLEANING BRUSH, 10FR
PK45911;3PK FRAZIER SUCTION TUBE CLEANING BRUSH, 11FR
PK45912;3PK FRAZIER SUCTION TUBE CLEANING BRUSH, 12FR
PK45918;"3PK DBLE-ENDED VALVE BRUSH, 5MM/7MM DIA., 5""L."
PK45998V;NYLON CLEANING BRUSH 5 INCH (PKG OF 3)
PK45999;3PK HAND AND NAIL BRUSH, RED
PS1600;(001218) INDICADOR DE EFICIENC
PS1620P;(005892) DISPOSITIVO PLASTICO 
PS2100;(001222) SEAL CHECK - TESTE P/
PS2200;(001743) REFIL ESCOVA P/ENDOSC
Q 32/40 A;(003000) LAVADORA ULTRASS/SONI
R003500525;TUBO DE TEFLON 1/4 X 032 PARA ESTERILIZADORA
RK036;CICLO FORM DE PROCESSADOR DO SIST VERDOC 1E (CX C/ 100)
RK037;CICLO FORM DE PROCESSADOR DO SIST VERDOC 1E (CX C/ 100)
S-2121;ESCOVA LIMP CERDAS AÇO TRIPLAS - 17,78CM COM - 02/PCT
S3033;KIT TERMÔMETRO
S3060;INDICADOR BIOLÓGICO PARA ETO/VAPOR (2 CAIXAS C/ 50 UNIDADES)
S3075;ATIVADOR PARA INDICADOR BIOLÓGICO AUTO-CONTIDO
S4001;ESTERILIZANTE CONCENTRADO STERIS 40 (CAIXA COM 20)
SAT1500082;RALO PARA LAVATÓRIO TIPO JAPONES (INOX)
SAT1500129;FILTRO BACTERIOLOGICO ULPACAP
SAT1500133;ELEMENTO POLIPROPILENO 5 MICRAS SPPF-5                                                              
SAT1500360;ELEMENTO CARBON BLOCK M-10 CTO 5 MICRAS                                                             
SAT1500823;ANEL DE VEDAÇÃO TC - Ø 1.1/4 POLEGADA
SAT1500828;ANEL DE VEDAÇÃO TC - Ø 1/2 POLEGADA
SAT1500829;ANEL DE VEDAÇÃO TC - Ø 2.1/2 POLEGADA
SAT1500833;ANEL DE VEDAÇÃO TC - Ø 3/4 POLEGADA
SAT1500839;ANEL DE VEDAÇÃO TC - Ø 1 POLEGADA
SAT1500997;VALV. ESFERA - Ø 1 POLEGADA - 2TC - ATUADOR
SAT1501316;FILTRO BACTERIOLOGICO ULPACAP - Ø 1/2 POLEGADA MODELO ZEMTB
SAT1501502;CARTUCHO RECARREGÁVEL 20X2.1/2 POLEGADA COM RESINA MISTA MB-478LT
SAT1501530;ELEMENTO POLIPROPILENO 10 POLEGADA - 1 MICRA
SAT1501531;ELEMENTO CARVÃO ATIVADO 10 POLEGADA - 1 MICRA
SAT1501564;MEMBRANA DE OSMOSE 100 GPD
SAT1501565;FILTRO ABSOLUTO 10 X 2.1/2 POLEGADA X 0,22 MICRA
SAT1510017;VALV. SOLEN. - Ø 1/4 POLEGADA AGUA COD. NOVO 220V
SAT1510035;VALV. SOLEN. - Ø 1/8 POLEGADA NPT ODONTO 220 VOLTS
SAT1510050;TUBO TERMOPL. - Ø 6mm POLIURETANO
SAT1510059;VALV. ANTIRETROCESSO C/ ROSCA MACHO
SAT1510070;REPARO VÁLVULA SOLENÓIDE Ø 1/2 POLEGADA E 3/4 POLEGADA VAPOR
SAT1510070-1;REPARO VALV. 12,70MM VAPOR AGUA
SAT1510247;TEE DE ENGATE RAPIDO PARA TUBO DE 6
SAT1510254;CONEXÃO RETA DE ENGATE RÁPIDO - 1/4 POLEGADA - Ø 6MM
SAT1510344;VALV. ESFERA - Ø 1/2 POLEGADA - 2TC - ATUADOR
SAT1510506;VALV. SOLENOIDE 3 VIAS 220V/60HZ
SAT1511195;REPARO VÁLVULA SOLENÓIDE Ø 1 POLEGADA
SAT1512290;TUBO TERMOPL. 6mm POLIURETANO PRETO
SAT1512291;TUBO TERMOPL. 6mm POLIURETANO VERDE
SAT1512292;TUBO TERMOPL. 6mm POLIURETANO VERMELHO
SAT1512341;VALVULA DE SEGURANÇA 12,7x12,7 M/F - 45PSI - CE
SAT1512341-1;VALVULA DE SEGURANÇA 12,7x12,7 M/F-45PSI
SAT1512342;VALVULA DE SEGURANÇA 12,7x12,7 M/F - 50PSI - CE
SAT1512347;VÁLVULA PNEUMÁTICA GLOBO TC 1/2 POLEGADA NORMALMENTE FECHADA
SAT1512349;VÁLVULA PNEUMÁTICA GLOBO TC 1 POLEGADA NORMALMENTE FECHADA
SAT1512365;VALV. SOLEN. - Ø 1/2 POLEGADA Y 220 V C/ CONECTOR PLUG-IN+LED
SAT1512373;VÁLVULA SOLENÓIDE AÇÃO DIRETA 3/2 VIAS 220V AC - MANUAL
SAT1520584;VENTILADOR IBRAN MONOFASICO VSC20417 - 110/220V - 50/60HZ
SAT1540258;SENSOR DE NIVEL P/ LIQUIDO AÇO INOX AISI 316
SAT1540281;TERMOSTATO 130-250°C
SAT1550001;GUARNICAO DE SILICONE - 9x11mm
SAT1550412;CORDAO DE SILICONE - 2,5 MM - TRANSPARENTE
SAT1600002;BOMBA HIDROBLOC DE 1/2 CV MONOFASICA
SAT1610115;ANEL ELASTICO P/ EIXO DIAM. 8mm
SAT1610315;ARRUELA LISA Ø1/2 POLEGADA- INOX
SAT1610316;ARRUELA DE PRESSÃO Ø1/2 POLEGADA - INOX
SAT1640208;RESISTÊNCIA TIPO BUJÃO 8kW - 230V COM POÇO PARA TERMOSTATO
SAT1650073;DOBRADIÇA PLANA EXTERNA
SAT1690018;BOBINA P/ IMPRESSORA FH 190-40S SERIAL COM RELÓGIO
SAT1700001;MANGUEIRA DE NYLON - Ø 1/2 POLEGADA PT250
SAT1801683;RODIZIO DE TEFLON PARA CARROS INTERNOS
SAT1802597;GUARNICAO VULCANIZADA 1545mm P/ PORTA 410x410
SAT1802599;GUARNICAO VULCANIZADA 2148mm P/PORTA 460 x660
SAT1802624;GUARNICAO VULCANIZADA 2560mm P/ PORTA 660x660
SAT1802979;BOMBA DE VACUO BV 115 COM MOTOR 1,5 CV
SAT1803261;CONECTOR PARA TRAQUEIAS ROSCADO
SAT1806588;GUARNICAO VULCANIZADA 2164mm P/ PORTA 460x660
SAT1812381;BOMBA DE VÁCUO BV075 COM MOTOR 0,75CV
SAT1910038;MEMBRANA BIG BRAND MOD: TW30-1812-100
SAT1910389;PARAFUSO C/ C SEXTAVADA ROSCA INTEIRA
SC1367;(000314) FILTRO DE CERAMICA RE
SE011482;INSTALAÇÃO DE AMSCO 600 VAPOR
SE101372;INSTALAÇÃO DE LAVADORA 1327 CART WASHER
SE101552;INSTALAÇÃO DE LAVADORA 7053
SE130142;INSTALAÇÃO DE INNOWAVE PRO
SE130152;INSTALAÇÃO DE INNOWAVE PCF
SE600962;INSTALACAO DE ESTERILIZADOR V- PRO
T635Q0;SUPORTE DA BASE DE APOIO PARA DETERGENTE PROLYSTICA
T637Q0;BASE DE APOIO PARA DETERGENTE PROLYSTICA
TABMW1029;STERISLIDE 195X85CM BOX OF 50
TABMW1061;STERISLIDE 195X115CM BOX OF 25
TMW1029;STERISLIDE 195X85CM BOX OF 50
TMW1061;STERISLIDE 195X115CM BOX OF 25
TVK1070;TUBULAR ESTERELIZANTE TYVEK 100MM X 70M
TVK1570;TUBULAR ESTERELIZANTE TYVEK 150MMX70M
TVK2070;TUBULAR ESTERELIZANTE TYVEK 200MMX70M
TVK2570;TUBULAR ESTERELIZANTE TYVEK 250MMX70M
TVK3070;TUBULAR ESTERELIZANTE TYVEK 300MM X 70M
TVK3570;TUBULAR ESTERELIZANTE TYVEK 350MM x 70M
TVK4070;TUBULAR ESTERELIZANTE TYVEK 400MMX70M
TVK5070;TUBULAR ESTERELIZANTE TYVEK 500MMX70M
TVK7570;TUBULAR ESTERELIZANTE TYVEK 75MMX70M
U501;VERIFY INDICADOR ULTRASSÔNICO - TESTE MONITOR DE LIMPEZA
U505;SUPORTE PARA VERIFY INDICADOR ULTRASSÔNICO - CX. COM 5 UN.
V541857026;TAMPO DA PERNEIRA - CMAX
V542804019;BATERIA DO CONTROLE DE MÃO - GMAX
V542804021;VEDAÇÃO PARA CONTROLE DE MÃO PARA MESA GMAX E CMAX3
VP2003112;ESTERILIZADORA V-PRO ONE PLUS
VP30003112;V-PRO MAX DD R1W 208/230V POR
003100;INDICADOR QUIMICO BROWNE TIPO 5-CAIXA C/ 04 PCTS DE 250 UN
003105;TST 134/5.3 MIN SELF-ADHESIVE (200/BOX)
IC3408;DETERGENTE PROLYSTICA 2X CONCENTRADO ALCALINO (4X1GAL)
LCB044UN; INDICADOR BIOLOGICO - Celerity# 20 HP
